-- phpMyAdmin SQL Dump
-- version 5.1.0
-- https://www.phpmyadmin.net/
--
-- Servidor: localhost:8889
-- Tiempo de generación: 20-01-2024 a las 02:19:22
-- Versión del servidor: 5.7.34
-- Versión de PHP: 8.0.8

SET SQL_MODE = "NO_AUTO_VALUE_ON_ZERO";
START TRANSACTION;
SET time_zone = "+00:00";


/*!40101 SET @OLD_CHARACTER_SET_CLIENT=@@CHARACTER_SET_CLIENT */;
/*!40101 SET @OLD_CHARACTER_SET_RESULTS=@@CHARACTER_SET_RESULTS */;
/*!40101 SET @OLD_COLLATION_CONNECTION=@@COLLATION_CONNECTION */;
/*!40101 SET NAMES utf8mb4 */;

--
-- Base de datos: `api_rest_aba`
--

-- --------------------------------------------------------

--
-- Estructura de tabla para la tabla `contacts`
--

CREATE TABLE `contacts` (
  `id` bigint(20) UNSIGNED NOT NULL,
  `name` varchar(255) COLLATE utf8mb4_unicode_ci NOT NULL,
  `phone` varchar(255) COLLATE utf8mb4_unicode_ci NOT NULL,
  `email` varchar(255) COLLATE utf8mb4_unicode_ci NOT NULL,
  `subject` varchar(255) COLLATE utf8mb4_unicode_ci NOT NULL,
  `comment` text COLLATE utf8mb4_unicode_ci NOT NULL,
  `created_at` timestamp NULL DEFAULT NULL,
  `updated_at` timestamp NULL DEFAULT NULL
) ENGINE=InnoDB DEFAULT CHARSET=utf8mb4 COLLATE=utf8mb4_unicode_ci;

-- --------------------------------------------------------

--
-- Estructura de tabla para la tabla `failed_jobs`
--

CREATE TABLE `failed_jobs` (
  `id` bigint(20) UNSIGNED NOT NULL,
  `uuid` varchar(255) COLLATE utf8mb4_unicode_ci NOT NULL,
  `connection` text COLLATE utf8mb4_unicode_ci NOT NULL,
  `queue` text COLLATE utf8mb4_unicode_ci NOT NULL,
  `payload` longtext COLLATE utf8mb4_unicode_ci NOT NULL,
  `exception` longtext COLLATE utf8mb4_unicode_ci NOT NULL,
  `failed_at` timestamp NOT NULL DEFAULT CURRENT_TIMESTAMP
) ENGINE=InnoDB DEFAULT CHARSET=utf8mb4 COLLATE=utf8mb4_unicode_ci;

-- --------------------------------------------------------

--
-- Estructura de tabla para la tabla `jobs`
--

CREATE TABLE `jobs` (
  `id` bigint(20) UNSIGNED NOT NULL,
  `queue` varchar(255) COLLATE utf8mb4_unicode_ci NOT NULL,
  `payload` longtext COLLATE utf8mb4_unicode_ci NOT NULL,
  `attempts` tinyint(3) UNSIGNED NOT NULL,
  `reserved_at` int(10) UNSIGNED DEFAULT NULL,
  `available_at` int(10) UNSIGNED NOT NULL,
  `created_at` int(10) UNSIGNED NOT NULL
) ENGINE=InnoDB DEFAULT CHARSET=utf8mb4 COLLATE=utf8mb4_unicode_ci;

-- --------------------------------------------------------

--
-- Estructura de tabla para la tabla `maladaptives`
--

CREATE TABLE `maladaptives` (
  `id` bigint(20) NOT NULL,
  `created_at` timestamp NULL DEFAULT NULL,
  `updated_at` timestamp NULL DEFAULT NULL,
  `deleted_at` timestamp NULL DEFAULT NULL
) ENGINE=InnoDB DEFAULT CHARSET=utf8;

-- --------------------------------------------------------

--
-- Estructura de tabla para la tabla `migrations`
--

CREATE TABLE `migrations` (
  `id` int(10) UNSIGNED NOT NULL,
  `migration` varchar(255) COLLATE utf8mb4_unicode_ci NOT NULL,
  `batch` int(11) NOT NULL
) ENGINE=InnoDB DEFAULT CHARSET=utf8mb4 COLLATE=utf8mb4_unicode_ci;

--
-- Volcado de datos para la tabla `migrations`
--

INSERT INTO `migrations` (`id`, `migration`, `batch`) VALUES
(1, '2014_10_12_000000_create_users_table', 1),
(2, '2014_10_12_100000_create_password_resets_table', 1),
(3, '2019_08_19_000000_create_failed_jobs_table', 1),
(4, '2019_12_14_000001_create_personal_access_tokens_table', 1),
(5, '2022_11_30_175428_create_jobs_table', 1),
(6, '2022_12_18_035041_create_contacts_table', 1),
(7, '2023_11_29_231903_create_permission_tables', 1);

-- --------------------------------------------------------

--
-- Estructura de tabla para la tabla `model_has_permissions`
--

CREATE TABLE `model_has_permissions` (
  `permission_id` bigint(20) UNSIGNED NOT NULL,
  `model_type` varchar(255) COLLATE utf8mb4_unicode_ci NOT NULL,
  `model_id` bigint(20) UNSIGNED NOT NULL
) ENGINE=InnoDB DEFAULT CHARSET=utf8mb4 COLLATE=utf8mb4_unicode_ci;

-- --------------------------------------------------------

--
-- Estructura de tabla para la tabla `model_has_roles`
--

CREATE TABLE `model_has_roles` (
  `role_id` bigint(20) UNSIGNED NOT NULL,
  `model_type` varchar(255) COLLATE utf8mb4_unicode_ci NOT NULL,
  `model_id` bigint(20) UNSIGNED NOT NULL
) ENGINE=InnoDB DEFAULT CHARSET=utf8mb4 COLLATE=utf8mb4_unicode_ci;

--
-- Volcado de datos para la tabla `model_has_roles`
--

INSERT INTO `model_has_roles` (`role_id`, `model_type`, `model_id`) VALUES
(1, 'App\\Models\\User', 1),
(2, 'App\\Models\\User', 2),
(2, 'App\\Models\\User', 12),
(2, 'App\\Models\\User', 13);

-- --------------------------------------------------------

--
-- Estructura de tabla para la tabla `password_resets`
--

CREATE TABLE `password_resets` (
  `email` varchar(255) COLLATE utf8mb4_unicode_ci NOT NULL,
  `token` varchar(255) COLLATE utf8mb4_unicode_ci NOT NULL,
  `created_at` timestamp NULL DEFAULT NULL
) ENGINE=InnoDB DEFAULT CHARSET=utf8mb4 COLLATE=utf8mb4_unicode_ci;

-- --------------------------------------------------------

--
-- Estructura de tabla para la tabla `patients`
--

CREATE TABLE `patients` (
  `id` bigint(20) UNSIGNED NOT NULL,
  `first_name` varchar(250) NOT NULL,
  `last_name` varchar(250) NOT NULL,
  `email` varchar(250) DEFAULT NULL,
  `phone` varchar(25) DEFAULT NULL,
  `n_doc` varchar(50) DEFAULT NULL,
  `address` text,
  `gender` tinyint(1) NOT NULL DEFAULT '1' COMMENT '1:male,2:female',
  `birth_date` timestamp NULL DEFAULT NULL,
  `avatar` varchar(255) DEFAULT NULL,
  `diagnosis_code` varchar(255) DEFAULT NULL,
  `telehealth` varchar(255) DEFAULT NULL,
  `insurer` varchar(255) DEFAULT NULL,
  `eligibility` enum('pending','approved','rejected') NOT NULL DEFAULT 'pending',
  `compayment_per_visit` varchar(255) DEFAULT NULL,
  `patient_control` varchar(255) DEFAULT NULL,
  `pa_assessment` varchar(255) DEFAULT NULL,
  `pat_id` varchar(255) DEFAULT NULL,
  `pa_services` varchar(255) DEFAULT NULL,
  `ba_services_start_date` timestamp NULL DEFAULT NULL,
  `current_auth_expires` timestamp NULL DEFAULT NULL,
  `need_cognitive_eval` varchar(255) DEFAULT NULL,
  `city` varchar(255) DEFAULT NULL,
  `schedule` varchar(255) DEFAULT NULL,
  `rst_wk_hr` varchar(255) DEFAULT NULL,
  `rst` varchar(255) DEFAULT NULL,
  `an_wk_s` varchar(255) DEFAULT NULL,
  `pt` varchar(255) DEFAULT NULL,
  `school_bcba` varchar(255) DEFAULT NULL,
  `analyst_bcba` varchar(255) DEFAULT NULL,
  `data_report_and_rbt_correction` varchar(255) DEFAULT NULL,
  `parent_comunication` text,
  `notes` text,
  `welcome` enum('pending','resquested','need ne','yes','no') DEFAULT 'pending',
  `consent` enum('pending','resquested','need ne','yes','no') NOT NULL DEFAULT 'pending',
  `insurance_card` enum('pending','resquested','need ne','yes','no') NOT NULL DEFAULT 'pending',
  `mnl` enum('pending','resquested','need ne','yes','no') NOT NULL DEFAULT 'pending',
  `referral` enum('pending','resquested','need ne','yes','no') NOT NULL DEFAULT 'pending',
  `ados` enum('pending','resquested','need ne','yes','no') NOT NULL DEFAULT 'pending',
  `iep` enum('pending','resquested','need ne','yes','no') NOT NULL DEFAULT 'pending',
  `asd_diagnosis` enum('pending','resquested','need ne','yes','no') NOT NULL DEFAULT 'pending',
  `cde` enum('pending','resquested','need ne','yes','no') NOT NULL DEFAULT 'pending',
  `submitted` enum('pending','resquested','reviewing','yes','no') NOT NULL DEFAULT 'pending',
  `created_at` timestamp NULL DEFAULT NULL,
  `updated_at` timestamp NULL DEFAULT NULL,
  `deleted_at` timestamp NULL DEFAULT NULL
) ENGINE=InnoDB DEFAULT CHARSET=utf8;

--
-- Volcado de datos para la tabla `patients`
--

INSERT INTO `patients` (`id`, `first_name`, `last_name`, `email`, `phone`, `n_doc`, `address`, `gender`, `birth_date`, `avatar`, `diagnosis_code`, `telehealth`, `insurer`, `eligibility`, `compayment_per_visit`, `patient_control`, `pa_assessment`, `pat_id`, `pa_services`, `ba_services_start_date`, `current_auth_expires`, `need_cognitive_eval`, `city`, `schedule`, `rst_wk_hr`, `rst`, `an_wk_s`, `pt`, `school_bcba`, `analyst_bcba`, `data_report_and_rbt_correction`, `parent_comunication`, `notes`, `welcome`, `consent`, `insurance_card`, `mnl`, `referral`, `ados`, `iep`, `asd_diagnosis`, `cde`, `submitted`, `created_at`, `updated_at`, `deleted_at`) VALUES
(1, 'Malcolm', 'Cordova', 'mercadocreativo@gmail.com', '+584241874370', '12445', 'caracas\r\ncaracas', 1, '2024-01-19 16:00:00', 'patients/kqAwnbzOtN9InV1407ncK64CVymi0gWTy5wgJ8nN.jpg', NULL, NULL, NULL, 'pending', NULL, NULL, NULL, NULL, NULL, NULL, NULL, NULL, NULL, NULL, NULL, NULL, NULL, NULL, NULL, NULL, NULL, NULL, NULL, 'pending', 'pending', 'pending', 'pending', 'pending', 'pending', 'pending', 'pending', 'pending', 'pending', '2024-01-20 02:00:28', '2024-01-20 02:00:28', NULL),
(2, 'prueba', 'prueba', 'prueba@prueba.com', '23432', '12345', 'prueba', 1, '2024-01-19 16:00:00', 'patients/UMmYytx5Q3bus2Cuq35pdN7mdSmRVb9897L0LNQG.jpg', 'prueba', 'prueba', 'prueba', 'pending', 'prueba', 'prueba', 'prueba', '89453', NULL, '2024-01-18 16:00:00', '2024-01-24 16:00:00', 'Yes', 'prueba', 'prueba', 'pending', 'prueba', 'prueba', 'prueba', 'prueba', 'prueba', 'prueba', 'prueba', 'prueba', 'pending', 'pending', 'pending', 'pending', 'pending', 'pending', 'pending', 'pending', 'pending', 'pending', '2024-01-20 04:28:36', '2024-01-20 04:28:36', NULL);

-- --------------------------------------------------------

--
-- Estructura de tabla para la tabla `permissions`
--

CREATE TABLE `permissions` (
  `id` bigint(20) UNSIGNED NOT NULL,
  `name` varchar(255) COLLATE utf8mb4_unicode_ci NOT NULL,
  `guard_name` varchar(255) COLLATE utf8mb4_unicode_ci NOT NULL,
  `created_at` timestamp NULL DEFAULT NULL,
  `updated_at` timestamp NULL DEFAULT NULL
) ENGINE=InnoDB DEFAULT CHARSET=utf8mb4 COLLATE=utf8mb4_unicode_ci;

--
-- Volcado de datos para la tabla `permissions`
--

INSERT INTO `permissions` (`id`, `name`, `guard_name`, `created_at`, `updated_at`) VALUES
(1, 'register_rol', 'api', '2023-11-30 03:32:36', '2023-11-30 03:32:36'),
(2, 'list_rol', 'api', '2023-11-30 03:32:36', '2023-11-30 03:32:36'),
(3, 'edit_rol', 'api', '2023-11-30 03:32:36', '2023-11-30 03:32:36'),
(4, 'delete_rol', 'api', '2023-11-30 03:32:36', '2023-11-30 03:32:36'),
(5, 'register_doctor', 'api', '2023-11-30 03:32:36', '2023-11-30 03:32:36'),
(6, 'list_doctor', 'api', '2023-11-30 03:32:36', '2023-11-30 03:32:36'),
(7, 'edit_doctor', 'api', '2023-11-30 03:32:36', '2023-11-30 03:32:36'),
(8, 'delete_doctor', 'api', '2023-11-30 03:32:36', '2023-11-30 03:32:36'),
(9, 'profile_doctor', 'api', '2023-11-30 03:32:36', '2023-11-30 03:32:36'),
(10, 'register_patient', 'api', '2023-11-30 03:32:36', '2023-11-30 03:32:36'),
(11, 'list_patient', 'api', '2023-11-30 03:32:36', '2023-11-30 03:32:36'),
(12, 'edit_patient', 'api', '2023-11-30 03:32:36', '2023-11-30 03:32:36'),
(13, 'delete_patient', 'api', '2023-11-30 03:32:36', '2023-11-30 03:32:36'),
(14, 'profile_patient', 'api', '2023-11-30 03:32:36', '2023-11-30 03:32:36'),
(15, 'register_staff', 'api', '2023-11-30 03:32:36', '2023-11-30 03:32:36'),
(16, 'list_staff', 'api', '2023-11-30 03:32:36', '2023-11-30 03:32:36'),
(17, 'edit_staff', 'api', '2023-11-30 03:32:36', '2023-11-30 03:32:36'),
(18, 'delete_staff', 'api', '2023-11-30 03:32:36', '2023-11-30 03:32:36'),
(19, 'register_appointment', 'api', '2023-11-30 03:32:36', '2023-11-30 03:32:36'),
(20, 'list_appointment', 'api', '2023-11-30 03:32:36', '2023-11-30 03:32:36'),
(21, 'edit_appointment', 'api', '2023-11-30 03:32:36', '2023-11-30 03:32:36'),
(22, 'delete_appointment', 'api', '2023-11-30 03:32:36', '2023-11-30 03:32:36'),
(23, 'register_specialty', 'api', '2023-11-30 03:32:36', '2023-11-30 03:32:36'),
(24, 'list_specialty', 'api', '2023-11-30 03:32:36', '2023-11-30 03:32:36'),
(25, 'edit_specialty', 'api', '2023-11-30 03:32:36', '2023-11-30 03:32:36'),
(26, 'delete_specialty', 'api', '2023-11-30 03:32:36', '2023-11-30 03:32:36'),
(27, 'show_payment', 'api', '2023-11-30 03:32:36', '2023-11-30 03:32:36'),
(28, 'edit_payment', 'api', '2023-11-30 03:32:36', '2023-11-30 03:32:36'),
(29, 'activitie', 'api', '2023-11-30 03:32:36', '2023-11-30 03:32:36'),
(30, 'calendar', 'api', '2023-11-30 03:32:36', '2023-11-30 03:32:36'),
(31, 'expense_report', 'api', '2023-11-30 03:32:36', '2023-11-30 03:32:36'),
(32, 'invoice_report', 'api', '2023-11-30 03:32:36', '2023-11-30 03:32:36'),
(33, 'settings', 'api', '2023-11-30 03:32:36', '2023-11-30 03:32:36');

-- --------------------------------------------------------

--
-- Estructura de tabla para la tabla `personal_access_tokens`
--

CREATE TABLE `personal_access_tokens` (
  `id` bigint(20) UNSIGNED NOT NULL,
  `tokenable_type` varchar(255) COLLATE utf8mb4_unicode_ci NOT NULL,
  `tokenable_id` bigint(20) UNSIGNED NOT NULL,
  `name` varchar(255) COLLATE utf8mb4_unicode_ci NOT NULL,
  `token` varchar(64) COLLATE utf8mb4_unicode_ci NOT NULL,
  `abilities` text COLLATE utf8mb4_unicode_ci,
  `last_used_at` timestamp NULL DEFAULT NULL,
  `created_at` timestamp NULL DEFAULT NULL,
  `updated_at` timestamp NULL DEFAULT NULL
) ENGINE=InnoDB DEFAULT CHARSET=utf8mb4 COLLATE=utf8mb4_unicode_ci;

-- --------------------------------------------------------

--
-- Estructura de tabla para la tabla `registro_clinicos`
--

CREATE TABLE `registro_clinicos` (
  `id` bigint(20) NOT NULL,
  `date` timestamp NULL DEFAULT NULL,
  `start_in` varchar(20) DEFAULT NULL,
  `end_out` varchar(20) DEFAULT NULL,
  `total_hour` varchar(20) DEFAULT NULL,
  `meet_client_at` enum('home','school','community','pending') NOT NULL DEFAULT 'pending',
  `client_appeared` enum('happy','sad','exited','tired','agresive','distracted','pending') NOT NULL DEFAULT 'pending',
  `as_evidenced_by` enum('pending','smilling at RBT','playing a game','whatching tv','running to greet RBT','scaping','talking to a friend') NOT NULL DEFAULT 'pending',
  `RBT_modeled_and_demostrate` enum('pending','redirection','premack principle','response block','behavioral momentum','DTT') NOT NULL DEFAULT 'pending',
  `responding_this_session_could` enum('pending','yes','no') DEFAULT 'pending',
  `progress_noted_this_session` enum('pending','excelent','good','moderate','minimal') NOT NULL DEFAULT 'pending',
  `client_response_to_treatment` text,
  `created_at` timestamp NULL DEFAULT NULL,
  `updated_atd` timestamp NULL DEFAULT NULL,
  `deleted_at` timestamp NULL DEFAULT NULL
) ENGINE=InnoDB DEFAULT CHARSET=utf8;

-- --------------------------------------------------------

--
-- Estructura de tabla para la tabla `roles`
--

CREATE TABLE `roles` (
  `id` bigint(20) UNSIGNED NOT NULL,
  `name` varchar(255) COLLATE utf8mb4_unicode_ci NOT NULL,
  `guard_name` varchar(255) COLLATE utf8mb4_unicode_ci NOT NULL,
  `created_at` timestamp NULL DEFAULT NULL,
  `updated_at` timestamp NULL DEFAULT NULL
) ENGINE=InnoDB DEFAULT CHARSET=utf8mb4 COLLATE=utf8mb4_unicode_ci;

--
-- Volcado de datos para la tabla `roles`
--

INSERT INTO `roles` (`id`, `name`, `guard_name`, `created_at`, `updated_at`) VALUES
(1, 'SUPERADMIN', 'api', '2023-11-30 03:32:36', '2023-11-30 03:32:36'),
(2, 'DOCTOR', 'api', '2023-12-01 04:09:47', '2023-12-01 04:09:47'),
(4, 'RECEPCIÓN', 'api', '2023-12-01 04:38:36', '2023-12-02 23:29:30'),
(5, 'ENFERMERA', 'api', '2023-12-05 18:58:54', '2023-12-05 18:58:54');

-- --------------------------------------------------------

--
-- Estructura de tabla para la tabla `role_has_permissions`
--

CREATE TABLE `role_has_permissions` (
  `permission_id` bigint(20) UNSIGNED NOT NULL,
  `role_id` bigint(20) UNSIGNED NOT NULL
) ENGINE=InnoDB DEFAULT CHARSET=utf8mb4 COLLATE=utf8mb4_unicode_ci;

--
-- Volcado de datos para la tabla `role_has_permissions`
--

INSERT INTO `role_has_permissions` (`permission_id`, `role_id`) VALUES
(6, 2),
(9, 2),
(11, 2),
(14, 2),
(16, 2),
(19, 2),
(20, 2),
(24, 2),
(29, 2),
(30, 2),
(31, 2),
(32, 2),
(33, 2),
(6, 4),
(10, 4),
(11, 4),
(12, 4),
(14, 4),
(16, 4),
(19, 4),
(20, 4),
(24, 4),
(29, 4),
(30, 4),
(6, 5),
(11, 5),
(12, 5),
(14, 5),
(20, 5),
(29, 5),
(30, 5);

-- --------------------------------------------------------

--
-- Estructura de tabla para la tabla `users`
--

CREATE TABLE `users` (
  `id` bigint(20) UNSIGNED NOT NULL,
  `name` varchar(255) COLLATE utf8mb4_unicode_ci NOT NULL,
  `rolename` enum('SUPERADMIN','ADMIN','MEMBER','GUEST') COLLATE utf8mb4_unicode_ci NOT NULL DEFAULT 'GUEST',
  `email` varchar(255) COLLATE utf8mb4_unicode_ci NOT NULL,
  `surname` varchar(150) COLLATE utf8mb4_unicode_ci DEFAULT NULL,
  `phone` varchar(150) COLLATE utf8mb4_unicode_ci DEFAULT NULL,
  `birth_date` timestamp NULL DEFAULT NULL,
  `gender` tinyint(1) UNSIGNED NOT NULL DEFAULT '1' COMMENT '1:masculino,2:femenino',
  `education` longtext COLLATE utf8mb4_unicode_ci,
  `designation` longtext COLLATE utf8mb4_unicode_ci NOT NULL,
  `address` text COLLATE utf8mb4_unicode_ci,
  `avatar` varchar(255) COLLATE utf8mb4_unicode_ci DEFAULT NULL,
  `email_verified_at` timestamp NULL DEFAULT NULL,
  `password` varchar(255) COLLATE utf8mb4_unicode_ci NOT NULL,
  `remember_token` varchar(100) COLLATE utf8mb4_unicode_ci DEFAULT NULL,
  `created_at` timestamp NULL DEFAULT NULL,
  `updated_at` timestamp NULL DEFAULT NULL,
  `deleted_at` timestamp NULL DEFAULT NULL
) ENGINE=InnoDB DEFAULT CHARSET=utf8mb4 COLLATE=utf8mb4_unicode_ci;

--
-- Volcado de datos para la tabla `users`
--

INSERT INTO `users` (`id`, `name`, `rolename`, `email`, `surname`, `phone`, `birth_date`, `gender`, `education`, `designation`, `address`, `avatar`, `email_verified_at`, `password`, `remember_token`, `created_at`, `updated_at`, `deleted_at`) VALUES
(1, 'superadmin', 'SUPERADMIN', 'superadmin@superadmin.com', NULL, NULL, NULL, 1, NULL, '', NULL, NULL, '2023-11-30 03:32:36', '$2y$10$PiKCOHK3XOBlqiL0kgJwLOMILMA6uVAAS1ou7JqHsUQaH4yvPkAiC', 'guHmnxhKw1', '2023-11-30 03:32:36', '2023-11-30 03:32:36', NULL),
(13, 'dasdd', 'GUEST', 'prueba@gmail.com', 'asdas', NULL, '2024-01-12 16:00:00', 1, NULL, 'dsadas', 'dasdas', 'staffs/j74hdNnaa0bS3G3GCVVBGMw7vABYwSACR1plAZbv.jpg', NULL, '$2y$10$K0bz20J.2ATbbuXu5Hwd4OssUGWTGfpqBAhaarZPyGIyrQ5XgHWzi', NULL, '2024-01-19 22:11:09', '2024-01-19 22:11:09', NULL);

--
-- Índices para tablas volcadas
--

--
-- Indices de la tabla `contacts`
--
ALTER TABLE `contacts`
  ADD PRIMARY KEY (`id`);

--
-- Indices de la tabla `failed_jobs`
--
ALTER TABLE `failed_jobs`
  ADD PRIMARY KEY (`id`),
  ADD UNIQUE KEY `failed_jobs_uuid_unique` (`uuid`);

--
-- Indices de la tabla `jobs`
--
ALTER TABLE `jobs`
  ADD PRIMARY KEY (`id`),
  ADD KEY `jobs_queue_index` (`queue`);

--
-- Indices de la tabla `maladaptives`
--
ALTER TABLE `maladaptives`
  ADD PRIMARY KEY (`id`);

--
-- Indices de la tabla `migrations`
--
ALTER TABLE `migrations`
  ADD PRIMARY KEY (`id`);

--
-- Indices de la tabla `model_has_permissions`
--
ALTER TABLE `model_has_permissions`
  ADD PRIMARY KEY (`permission_id`,`model_id`,`model_type`),
  ADD KEY `model_has_permissions_model_id_model_type_index` (`model_id`,`model_type`);

--
-- Indices de la tabla `model_has_roles`
--
ALTER TABLE `model_has_roles`
  ADD PRIMARY KEY (`role_id`,`model_id`,`model_type`),
  ADD KEY `model_has_roles_model_id_model_type_index` (`model_id`,`model_type`);

--
-- Indices de la tabla `password_resets`
--
ALTER TABLE `password_resets`
  ADD KEY `password_resets_email_index` (`email`);

--
-- Indices de la tabla `patients`
--
ALTER TABLE `patients`
  ADD PRIMARY KEY (`id`);

--
-- Indices de la tabla `permissions`
--
ALTER TABLE `permissions`
  ADD PRIMARY KEY (`id`),
  ADD UNIQUE KEY `permissions_name_guard_name_unique` (`name`,`guard_name`);

--
-- Indices de la tabla `personal_access_tokens`
--
ALTER TABLE `personal_access_tokens`
  ADD PRIMARY KEY (`id`),
  ADD UNIQUE KEY `personal_access_tokens_token_unique` (`token`),
  ADD KEY `personal_access_tokens_tokenable_type_tokenable_id_index` (`tokenable_type`,`tokenable_id`);

--
-- Indices de la tabla `registro_clinicos`
--
ALTER TABLE `registro_clinicos`
  ADD PRIMARY KEY (`id`);

--
-- Indices de la tabla `roles`
--
ALTER TABLE `roles`
  ADD PRIMARY KEY (`id`),
  ADD UNIQUE KEY `roles_name_guard_name_unique` (`name`,`guard_name`);

--
-- Indices de la tabla `role_has_permissions`
--
ALTER TABLE `role_has_permissions`
  ADD PRIMARY KEY (`permission_id`,`role_id`),
  ADD KEY `role_has_permissions_role_id_foreign` (`role_id`);

--
-- Indices de la tabla `users`
--
ALTER TABLE `users`
  ADD PRIMARY KEY (`id`),
  ADD UNIQUE KEY `users_email_unique` (`email`);

--
-- AUTO_INCREMENT de las tablas volcadas
--

--
-- AUTO_INCREMENT de la tabla `contacts`
--
ALTER TABLE `contacts`
  MODIFY `id` bigint(20) UNSIGNED NOT NULL AUTO_INCREMENT;

--
-- AUTO_INCREMENT de la tabla `failed_jobs`
--
ALTER TABLE `failed_jobs`
  MODIFY `id` bigint(20) UNSIGNED NOT NULL AUTO_INCREMENT;

--
-- AUTO_INCREMENT de la tabla `jobs`
--
ALTER TABLE `jobs`
  MODIFY `id` bigint(20) UNSIGNED NOT NULL AUTO_INCREMENT;

--
-- AUTO_INCREMENT de la tabla `maladaptives`
--
ALTER TABLE `maladaptives`
  MODIFY `id` bigint(20) NOT NULL AUTO_INCREMENT;

--
-- AUTO_INCREMENT de la tabla `migrations`
--
ALTER TABLE `migrations`
  MODIFY `id` int(10) UNSIGNED NOT NULL AUTO_INCREMENT, AUTO_INCREMENT=8;

--
-- AUTO_INCREMENT de la tabla `patients`
--
ALTER TABLE `patients`
  MODIFY `id` bigint(20) UNSIGNED NOT NULL AUTO_INCREMENT, AUTO_INCREMENT=3;

--
-- AUTO_INCREMENT de la tabla `permissions`
--
ALTER TABLE `permissions`
  MODIFY `id` bigint(20) UNSIGNED NOT NULL AUTO_INCREMENT, AUTO_INCREMENT=34;

--
-- AUTO_INCREMENT de la tabla `personal_access_tokens`
--
ALTER TABLE `personal_access_tokens`
  MODIFY `id` bigint(20) UNSIGNED NOT NULL AUTO_INCREMENT;

--
-- AUTO_INCREMENT de la tabla `registro_clinicos`
--
ALTER TABLE `registro_clinicos`
  MODIFY `id` bigint(20) NOT NULL AUTO_INCREMENT;

--
-- AUTO_INCREMENT de la tabla `roles`
--
ALTER TABLE `roles`
  MODIFY `id` bigint(20) UNSIGNED NOT NULL AUTO_INCREMENT, AUTO_INCREMENT=6;

--
-- AUTO_INCREMENT de la tabla `users`
--
ALTER TABLE `users`
  MODIFY `id` bigint(20) UNSIGNED NOT NULL AUTO_INCREMENT, AUTO_INCREMENT=14;

--
-- Restricciones para tablas volcadas
--

--
-- Filtros para la tabla `model_has_permissions`
--
ALTER TABLE `model_has_permissions`
  ADD CONSTRAINT `model_has_permissions_permission_id_foreign` FOREIGN KEY (`permission_id`) REFERENCES `permissions` (`id`) ON DELETE CASCADE;

--
-- Filtros para la tabla `model_has_roles`
--
ALTER TABLE `model_has_roles`
  ADD CONSTRAINT `model_has_roles_role_id_foreign` FOREIGN KEY (`role_id`) REFERENCES `roles` (`id`) ON DELETE CASCADE;

--
-- Filtros para la tabla `role_has_permissions`
--
ALTER TABLE `role_has_permissions`
  ADD CONSTRAINT `role_has_permissions_permission_id_foreign` FOREIGN KEY (`permission_id`) REFERENCES `permissions` (`id`) ON DELETE CASCADE,
  ADD CONSTRAINT `role_has_permissions_role_id_foreign` FOREIGN KEY (`role_id`) REFERENCES `roles` (`id`) ON DELETE CASCADE;
COMMIT;

/*!40101 SET CHARACTER_SET_CLIENT=@OLD_CHARACTER_SET_CLIENT */;
/*!40101 SET CHARACTER_SET_RESULTS=@OLD_CHARACTER_SET_RESULTS */;
/*!40101 SET COLLATION_CONNECTION=@OLD_COLLATION_CONNECTION */;
